{
 "cells": [
  {
   "cell_type": "code",
   "execution_count": 10,
   "metadata": {},
   "outputs": [
    {
     "name": "stdout",
     "output_type": "stream",
     "text": [
      "{'sun': 68.8, 'mon': 72.3, 'tue': 54.6, 'wed': 54.2, 'thur': 76.3, 'fri': 66.6, 'sat': 52.1}\n"
     ]
    },
    {
     "data": {
      "text/plain": [
       "72.3"
      ]
     },
     "execution_count": 10,
     "metadata": {},
     "output_type": "execute_result"
    }
   ],
   "source": [
    "daily_temp = {'sun':68.8, 'mon': 72.3, 'tue':54.6, 'wed':54.2, 'thur':76.3, 'fri':66.6, 'sat':52.1}\n",
    "print(daily_temp)\n",
    "daily_temp['mon']"
   ]
  },
  {
   "cell_type": "code",
   "execution_count": 13,
   "metadata": {},
   "outputs": [],
   "source": [
    "city_population = {\"New York City\":8550405, \"Los Angeles\":3971883, \"Toronto\":2731571, \"Chicago\":2720546, \"Houston\":2296224, \"Montreal\":1704694, \"Calgary\":1239220, \"Vancouver\":631486, \"Boston\":667137}"
   ]
  },
  {
   "cell_type": "code",
   "execution_count": 14,
   "metadata": {},
   "outputs": [
    {
     "name": "stdout",
     "output_type": "stream",
     "text": [
      "{'New York City': 8550405, 'Los Angeles': 3971883, 'Toronto': 2731571, 'Chicago': 2720546, 'Houston': 2296224, 'Montreal': 1704694, 'Calgary': 1239220, 'Vancouver': 631486, 'Boston': 667137}\n"
     ]
    }
   ],
   "source": [
    "print(city_population)"
   ]
  },
  {
   "cell_type": "code",
   "execution_count": 15,
   "metadata": {},
   "outputs": [
    {
     "ename": "KeyError",
     "evalue": "0",
     "output_type": "error",
     "traceback": [
      "\u001b[0;31m---------------------------------------------------------------------------\u001b[0m",
      "\u001b[0;31mKeyError\u001b[0m                                  Traceback (most recent call last)",
      "\u001b[0;32m<ipython-input-15-a4816f909f86>\u001b[0m in \u001b[0;36m<module>\u001b[0;34m\u001b[0m\n\u001b[0;32m----> 1\u001b[0;31m \u001b[0mcity_population\u001b[0m\u001b[0;34m[\u001b[0m\u001b[0;36m0\u001b[0m\u001b[0;34m]\u001b[0m\u001b[0;34m\u001b[0m\u001b[0;34m\u001b[0m\u001b[0m\n\u001b[0m",
      "\u001b[0;31mKeyError\u001b[0m: 0"
     ]
    }
   ],
   "source": [
    " city_population[0]"
   ]
  },
  {
   "cell_type": "code",
   "execution_count": 17,
   "metadata": {},
   "outputs": [
    {
     "name": "stdout",
     "output_type": "stream",
     "text": [
      "{'red': 'rot', 'green': 'grün', 'blue': 'blau', 'yellow': 'gelb'}\n",
      "rot\n"
     ]
    }
   ],
   "source": [
    "en_de = {\"red\" : \"rot\", \"green\" : \"grün\", \"blue\" : \"blau\", \"yellow\":\"gelb\"}\n",
    "print(en_de)\n",
    "print(en_de[\"red\"])"
   ]
  },
  {
   "cell_type": "code",
   "execution_count": 19,
   "metadata": {},
   "outputs": [
    {
     "ename": "FileNotFoundError",
     "evalue": "[Errno 2] No such file or directory: 'std.csv'",
     "output_type": "error",
     "traceback": [
      "\u001b[0;31m---------------------------------------------------------------------------\u001b[0m",
      "\u001b[0;31mFileNotFoundError\u001b[0m                         Traceback (most recent call last)",
      "\u001b[0;32m<ipython-input-19-126e1e6aa272>\u001b[0m in \u001b[0;36m<module>\u001b[0;34m\u001b[0m\n\u001b[0;32m----> 1\u001b[0;31m \u001b[0;32mwith\u001b[0m \u001b[0mopen\u001b[0m\u001b[0;34m(\u001b[0m\u001b[0;34m'std.csv'\u001b[0m\u001b[0;34m,\u001b[0m \u001b[0mmode\u001b[0m\u001b[0;34m=\u001b[0m\u001b[0;34m'r'\u001b[0m\u001b[0;34m)\u001b[0m \u001b[0;32mas\u001b[0m \u001b[0minfile\u001b[0m\u001b[0;34m:\u001b[0m\u001b[0;34m\u001b[0m\u001b[0;34m\u001b[0m\u001b[0m\n\u001b[0m\u001b[1;32m      2\u001b[0m     \u001b[0mreader\u001b[0m \u001b[0;34m=\u001b[0m \u001b[0mcsv\u001b[0m\u001b[0;34m.\u001b[0m\u001b[0mreader\u001b[0m\u001b[0;34m(\u001b[0m\u001b[0minfile\u001b[0m\u001b[0;34m)\u001b[0m\u001b[0;34m\u001b[0m\u001b[0;34m\u001b[0m\u001b[0m\n\u001b[1;32m      3\u001b[0m     \u001b[0mmydict\u001b[0m \u001b[0;34m=\u001b[0m \u001b[0;34m{\u001b[0m\u001b[0mrows\u001b[0m\u001b[0;34m[\u001b[0m\u001b[0;36m0\u001b[0m\u001b[0;34m]\u001b[0m\u001b[0;34m:\u001b[0m\u001b[0mrows\u001b[0m\u001b[0;34m[\u001b[0m\u001b[0;36m1\u001b[0m\u001b[0;34m]\u001b[0m \u001b[0;32mfor\u001b[0m \u001b[0mrows\u001b[0m \u001b[0;32min\u001b[0m \u001b[0mreader\u001b[0m\u001b[0;34m}\u001b[0m\u001b[0;34m\u001b[0m\u001b[0;34m\u001b[0m\u001b[0m\n",
      "\u001b[0;31mFileNotFoundError\u001b[0m: [Errno 2] No such file or directory: 'std.csv'"
     ]
    }
   ],
   "source": [
    "with open('std.csv', mode='r') as infile:\n",
    "    reader = csv.reader(infile)\n",
    "    mydict = {rows[0]:rows[1] for rows in reader}"
   ]
  },
  {
   "cell_type": "code",
   "execution_count": null,
   "metadata": {},
   "outputs": [],
   "source": []
  }
 ],
 "metadata": {
  "kernelspec": {
   "display_name": "Python 3",
   "language": "python",
   "name": "python3"
  },
  "language_info": {
   "codemirror_mode": {
    "name": "ipython",
    "version": 3
   },
   "file_extension": ".py",
   "mimetype": "text/x-python",
   "name": "python",
   "nbconvert_exporter": "python",
   "pygments_lexer": "ipython3",
   "version": "3.7.4"
  }
 },
 "nbformat": 4,
 "nbformat_minor": 2
}
