,,
ID, Email_address/username, Dept Name 
 amdnitk1234, amdnitk@gmail.com ,1. AMD dept   
chenitk4321,chenitk@gmail.com       ,2. Chemical   
chmnitk4321,chmnitk@gmail.com       ,3. Chemistry  
cvenitk0101, venitk@gmail.com       ,4. Civil      
csenitk2323,csenitk@gmail.com       ,5. Computer   
eeenitk4545,eeenitk@gmail.com       ,6. EEE 	      
ecenitk4645,ecenitk@gmail.com       ,7. ECE 	      
itnitk6556,itnitk@gmail.com       ,8. ITE        
macsnitk6151,macsnitk@gmail.com       ,9. MACS       
menitk7171, menitk@gmail.com       ,10. Mechanical 
mmenitk2332,mmenitk@gmail.com ,11. MME       
minnitk2838,minnitk@gmail.com	,12 Mining     
phynitk1818,phynitk@gmail.com ,13 Physics    
somnitk1414,somnitk@gmail.com ,14. SOM       
